<?xml version="1.0" encoding="utf-8"?>
<mdscript name="Detect_cheatmenu">
  <cues>
	<cue name="Cheatmenu" >
	  <conditions>	 
		<check_any>	  
		  <event_cue_signalled cue="md.iseeu0_cheat_menu.iseeu0_cheat_menu" />  
		  <event_cue_signalled/>
		</check_any>		
	  </conditions>
      <actions>
		<show_help duration="30" halign="'center'" position="1" custom="'Cheat Menu detected! Please be aware Cheat Menu is known to cause various issues with AI behaviors and should NEVER be used with Reemergence. Quit and DO NOT save your game, then remove Cheat Menu.'"/>
	  </actions>
	</cue>
  </cues>
</mdscript>	